period,pbp_order,abs_time,team_id,team_abbrev,flag_type,player_id,player_name,idle_seconds,description,resolved_via_last_name,sub_direction_inverted,lineup_json
1,15,131.0,1610612742,DAL,possible_missing_sub_out,202681,Kyrie Irving,131.0,Sengun 18' Jump Shot (2 PTS) (Ja. Green 1 AST),false,false,"[202681, 202691, 203076, 1629023, 1629655]"
1,15,131.0,1610612745,HOU,possible_missing_sub_out,1630224,Jalen Green,131.0,Sengun 18' Jump Shot (2 PTS) (Ja. Green 1 AST),false,false,"[1628415, 1630224, 1630578, 1631106, 1641708]"
1,15,131.0,1610612745,HOU,possible_missing_sub_out,1628415,Dillon Brooks,131.0,Sengun 18' Jump Shot (2 PTS) (Ja. Green 1 AST),false,false,"[1628415, 1630224, 1630578, 1631106, 1641708]"
1,16,140.0,1610612742,DAL,possible_missing_sub_out,1629655,Daniel Gafford,124.0,Thompson 1' Driving Layup (4 PTS) (Washington 1 AST),false,false,"[202681, 202691, 203076, 1629023, 1629655]"
1,23,213.0,1610612742,DAL,possible_missing_sub_out,1629023,P.J. Washington,135.0,MISS Sengun 2' Cutting Layup Shot,false,false,"[202681, 202691, 203076, 1629023, 1629655]"
1,25,226.0,1610612745,HOU,possible_missing_sub_out,1631106,Tari Eason,125.0,Davis 5' Turnaround Hook Shot (4 PTS),false,false,"[1628415, 1630224, 1630578, 1631106, 1641708]"
1,30,265.0,1610612742,DAL,possible_missing_sub_out,202691,Klay Thompson,125.0,MISS Davis 1' Driving Layup,false,false,"[202681, 202691, 203076, 1629023, 1629655]"
1,34,283.0,1610612742,DAL,possible_missing_sub_out,202681,Kyrie Irving,123.0,MISS Brooks 12' Pullup Jump Shot,false,false,"[202681, 202691, 203076, 1629023, 1629655]"
1,34,283.0,1610612745,HOU,possible_missing_sub_out,1641708,Amen Thompson,128.0,MISS Brooks 12' Pullup Jump Shot,false,false,"[1628415, 1630224, 1630578, 1631106, 1641708]"
1,36,297.0,1610612745,HOU,possible_missing_sub_out,1630224,Jalen Green,127.0,Davis 25' 3PT Pullup Jump Shot (9 PTS),false,false,"[1628415, 1630224, 1630578, 1631106, 1641708]"
1,43,332.0,1610612742,DAL,sub_direction_inverted,1629655,Daniel Gafford,,SUB: Exum FOR Gafford,false,true,"[202681, 202691, 203076, 1629023, 1629655]"
1,44,332.0,1610612742,DAL,sub_direction_inverted,202691,Klay Thompson,,SUB: Christie FOR Thompson,false,true,"[202681, 202691, 203076, 1629023, 1629655]"
1,45,332.0,1610612745,HOU,sub_direction_inverted,1628415,Dillon Brooks,,SUB: Whitmore FOR Brooks,false,true,"[1628415, 1630224, 1630578, 1631106, 1641708]"
1,48,361.0,1610612745,HOU,missing_sub_in,1641715,Cam Whitmore,,Whitmore 1' Driving Dunk (2 PTS),false,false,"[1628415, 1630224, 1630578, 1631106, 1641708]"
1,54,410.0,1610612742,DAL,sub_direction_inverted,202681,Kyrie Irving,,SUB: Dinwiddie FOR Irving,false,true,"[202681, 202691, 203076, 1629023, 1629655]"
1,52,410.0,1610612745,HOU,possible_missing_sub_out,1628415,Dillon Brooks,127.0,Ja. Green S.FOUL (P1.T1) (P.Ransom),false,false,"[1628415, 1630224, 1630578, 1631106, 1641708]"
1,57,435.0,1610612742,DAL,missing_sub_in,203915,Spencer Dinwiddie,,Dinwiddie OFF.Foul (P1) (J.Schroeder),false,false,"[202681, 202691, 203076, 1629023, 1629655]"
1,58,435.0,1610612742,DAL,missing_sub_in,203915,Spencer Dinwiddie,,Dinwiddie Offensive Foul Turnover (P1.T1),false,false,"[202681, 202691, 203076, 1629023, 1629655]"
1,59,435.0,1610612742,DAL,sub_direction_inverted,1629023,P.J. Washington,,SUB: Marshall FOR Washington,false,true,"[202681, 202691, 203076, 1629023, 1629655]"
1,60,443.0,1610612742,DAL,possible_missing_sub_out,202691,Klay Thompson,120.0,MISS Ja. Green 26' 3PT Jump Shot,false,false,"[202681, 202691, 203076, 1629023, 1629655]"
1,62,460.0,1610612742,DAL,missing_sub_in,1630230,Naji Marshall,,Marshall 1' Driving Layup (2 PTS),false,false,"[202681, 202691, 203076, 1629023, 1629655]"
1,62,460.0,1610612742,DAL,possible_missing_sub_out,1629655,Daniel Gafford,128.0,Marshall 1' Driving Layup (2 PTS),false,false,"[202681, 202691, 203076, 1629023, 1629655]"
1,67,488.0,1610612742,DAL,missing_sub_in,1630230,Naji Marshall,,Marshall 4' Running Layup (4 PTS) (Exum 1 AST),false,false,"[202681, 202691, 203076, 1629023, 1629655]"
1,70,496.0,1610612745,HOU,sub_direction_inverted,1631106,Tari Eason,,SUB: Brooks FOR Eason,false,true,"[1630224, 1630578, 1631106, 1641708]"
1,71,496.0,1610612745,HOU,sub_direction_inverted,1630578,Alperen Sengun,,SUB: Adams FOR Sengun,false,true,"[1630224, 1630578, 1631106, 1641708]"
1,72,512.0,1610612742,DAL,possible_missing_sub_out,202681,Kyrie Irving,134.0,Whitmore S.FOUL (P1.T2) (B.Forte),false,false,"[202681, 202691, 203076, 1629023, 1629655]"
1,72,512.0,1610612745,HOU,missing_sub_in,1641715,Cam Whitmore,,Whitmore S.FOUL (P1.T2) (B.Forte),false,false,"[1630224, 1630578, 1631106, 1641708]"
1,79,570.0,1610612742,DAL,missing_sub_in,1631108,Max Christie,,Christie 3PT Running Jump Shot (3 PTS) (Exum 2 AST),false,false,"[202681, 202691, 203076, 1629023, 1629655]"
1,81,571.0,1610612745,HOU,sub_direction_inverted,1641708,Amen Thompson,,SUB: Tate FOR Thompson,false,true,"[1630224, 1630578, 1631106, 1641708]"
1,82,588.0,1610612745,HOU,missing_sub_in,1630256,Jae'Sean Tate,,MISS Tate 3PT Jump Shot,false,false,"[1630224, 1630578, 1631106, 1641708]"
1,85,613.0,1610612742,DAL,missing_sub_in,203957,Dante Exum,,MISS Exum 6' Driving Finger Roll Layup,false,false,"[202681, 202691, 203076, 1629023, 1629655]"
1,85,613.0,1610612745,HOU,possible_missing_sub_out,1630578,Alperen Sengun,133.0,MISS Exum 6' Driving Finger Roll Layup,false,false,"[1630224, 1630578, 1631106, 1641708]"
1,86,614.0,1610612745,HOU,missing_sub_in,1630256,Jae'Sean Tate,,Tate REBOUND (Off:0 Def:1),false,false,"[1630224, 1630578, 1631106, 1641708]"
1,87,625.0,1610612745,HOU,missing_sub_in,1628415,Dillon Brooks,,Brooks 28' 3PT Jump Shot (3 PTS) (Tate 1 AST),false,false,"[1630224, 1630578, 1631106, 1641708]"
1,89,651.0,1610612745,HOU,missing_sub_in,1641715,Cam Whitmore,,Whitmore REBOUND (Off:0 Def:1),false,false,"[1630224, 1630578, 1631106, 1641708]"
1,90,659.0,1610612745,HOU,missing_sub_in,1641715,Cam Whitmore,,MISS Whitmore 3' Driving Floating Jump Shot,false,false,"[1630224, 1630578, 1631106, 1641708]"
1,90,659.0,1610612745,HOU,possible_missing_sub_out,1630224,Jalen Green,124.0,MISS Whitmore 3' Driving Floating Jump Shot,false,false,"[1630224, 1630578, 1631106, 1641708]"
1,91,660.9,1610612745,HOU,missing_sub_in,203500,Steven Adams,,Adams REBOUND (Off:1 Def:0),false,false,"[1630224, 1630578, 1631106, 1641708]"
1,92,660.9,1610612745,HOU,missing_sub_in,203500,Steven Adams,,MISS Adams Tip Layup Shot,false,false,"[1630224, 1630578, 1631106, 1641708]"
1,94,666.1,1610612742,DAL,missing_sub_in,1630230,Naji Marshall,,MISS Marshall 8' Running Pull-Up Jump Shot,false,false,"[202681, 202691, 203076, 1629023, 1629655]"
1,95,667.6,1610612745,HOU,missing_sub_in,203500,Steven Adams,,Adams REBOUND (Off:1 Def:1),false,false,"[1630224, 1630578, 1631106, 1641708]"
1,96,675.3,1610612745,HOU,missing_sub_in,203500,Steven Adams,,MISS Adams 11' Floating Jump Shot,false,false,"[1630224, 1630578, 1631106, 1641708]"
1,97,678.4,1610612742,DAL,missing_sub_in,1630230,Naji Marshall,,Marshall REBOUND (Off:0 Def:1),false,false,"[202681, 202691, 203076, 1629023, 1629655]"
1,100,683.2,1610612742,DAL,sub_direction_inverted,203076,Anthony Davis,,SUB: Gafford FOR Davis,false,true,"[202681, 202691, 203076, 1629023]"
1,101,683.2,1610612742,DAL,sub_direction_inverted,203915,Spencer Dinwiddie,,SUB: Irving FOR Dinwiddie,false,true,"[202691, 203076, 203915, 1629023]"
1,102,683.2,1610612742,DAL,possible_missing_sub_out,203915,Spencer Dinwiddie,248.2,Christie Free Throw 2 of 2 (5 PTS),false,false,"[202691, 203076, 203915, 1629023]"
1,98,683.2,1610612745,HOU,missing_sub_in,1628415,Dillon Brooks,,Brooks S.FOUL (P1.T3) (P.Ransom),false,false,"[1630224, 1630578, 1631106, 1641708]"
1,103,701.7,1610612745,HOU,missing_sub_in,1628415,Dillon Brooks,,MISS Brooks 18' Step Back Jump Shot,false,false,"[1630224, 1630578, 1631106, 1641708]"
1,103,701.7,1610612745,HOU,possible_missing_sub_out,1641708,Amen Thompson,136.7,MISS Brooks 18' Step Back Jump Shot,false,false,"[1630224, 1630578, 1631106, 1641708]"
1,104,704.2,1610612742,DAL,missing_sub_in,203957,Dante Exum,,Exum REBOUND (Off:0 Def:1),false,false,"[202691, 203076, 203915, 1629023]"
1,105,719.6,1610612742,DAL,missing_sub_in,202681,Kyrie Irving,,MISS Irving 13' Step Back Jump Shot,false,false,"[202691, 203076, 203915, 1629023]"
2,109,730.0,1610612742,DAL,missing_sub_in,1631108,Max Christie,,Christie S.FOUL (P1.T1) (P.Ransom),false,false,"[202691, 203076, 203915, 1629023]"
2,114,767.0,1610612745,HOU,missing_sub_in,203500,Steven Adams,,MISS Adams 6' Driving Hook Shot,false,false,"[1630224, 1630578, 1631106, 1641708]"
2,115,768.0,1610612745,HOU,missing_sub_in,203500,Steven Adams,,Adams REBOUND (Off:2 Def:1),false,false,"[1630224, 1630578, 1631106, 1641708]"
2,117,779.0,1610612745,HOU,missing_sub_in,1642263,Reed Sheppard,,Sheppard REBOUND (Off:1 Def:0),false,false,"[1630224, 1630578, 1631106, 1641708]"
2,118,781.0,1610612745,HOU,missing_sub_in,1642263,Reed Sheppard,,MISS Sheppard 7' Driving Floating Jump Shot,false,false,"[1630224, 1630578, 1631106, 1641708]"
2,119,782.0,1610612742,DAL,possible_missing_sub_out,203076,Anthony Davis,120.3,Sheppard REBOUND (Off:2 Def:0),false,false,"[202691, 203076, 203915, 1629023]"
2,119,782.0,1610612745,HOU,missing_sub_in,1642263,Reed Sheppard,,Sheppard REBOUND (Off:2 Def:0),false,false,"[1630224, 1630578, 1631106, 1641708]"
2,120,791.0,1610612745,HOU,missing_sub_in,203500,Steven Adams,,MISS Adams 5' Hook Shot,false,false,"[1630224, 1630578, 1631106, 1641708]"
2,121,793.0,1610612745,HOU,missing_sub_in,203500,Steven Adams,,Adams REBOUND (Off:3 Def:1),false,false,"[1630224, 1630578, 1631106, 1641708]"
2,122,795.0,1610612745,HOU,missing_sub_in,203500,Steven Adams,,MISS Adams 4' Layup,false,false,"[1630224, 1630578, 1631106, 1641708]"
2,127,816.0,1610612745,HOU,missing_sub_in,1642263,Reed Sheppard,,MISS Sheppard 8' Pullup Jump Shot,false,false,"[1630224, 1630578, 1631106, 1641708]"
2,134,839.0,1610612745,HOU,missing_sub_in,1630256,Jae'Sean Tate,,MISS Tate 4' Driving Dunk,false,false,"[1630224, 1630578, 1631106, 1641708]"
2,137,847.0,1610612745,HOU,missing_sub_in,1642263,Reed Sheppard,,MISS Sheppard 30' 3PT Pullup Jump Shot,false,false,"[1630224, 1630578, 1631106, 1641708]"
2,140,867.0,1610612742,DAL,missing_sub_in,202681,Kyrie Irving,,MISS Irving 11' Driving Floating Bank Jump Shot,false,false,"[202691, 203076, 203915, 1629023]"
2,141,869.0,1610612742,DAL,missing_sub_in,1629655,Daniel Gafford,,Gafford REBOUND (Off:1 Def:2),false,false,"[202691, 203076, 203915, 1629023]"
2,142,871.0,1610612742,DAL,missing_sub_in,1629655,Daniel Gafford,,Gafford Lost Ball Turnover (P1.T2),false,false,"[202691, 203076, 203915, 1629023]"
2,143,874.0,1610612745,HOU,missing_sub_in,1641715,Cam Whitmore,,MISS Whitmore 25' 3PT Running Jump Shot,false,false,"[1630224, 1630578, 1631106, 1641708]"
2,145,877.0,1610612742,DAL,missing_sub_in,1629655,Daniel Gafford,,Gafford S.FOUL (P2.T3) (J.Schroeder),false,false,"[202691, 203076, 203915, 1629023]"
2,148,877.0,1610612745,HOU,sub_direction_inverted,1630256,Jae'Sean Tate,,SUB: Sengun FOR Tate,false,true,"[1630224, 1630256, 1631106, 1641708]"
2,149,877.0,1610612745,HOU,sub_direction_inverted,203500,Steven Adams,,SUB: Thompson FOR Adams,false,true,"[203500, 1630224, 1630256, 1631106]"
2,153,890.0,1610612742,DAL,missing_sub_in,1629655,Daniel Gafford,,Gafford L.B.FOUL (P3.T4) (B.Forte),false,false,"[202691, 203076, 203915, 1629023]"
2,155,890.0,1610612742,DAL,missing_sub_in,1629655,Daniel Gafford,,Gafford T.FOUL (P3.T4) (B.Forte),false,false,"[202691, 203076, 203915, 1629023]"
2,158,890.0,1610612742,DAL,sub_direction_inverted,1629655,Daniel Gafford,,SUB: Davis FOR Gafford,false,true,"[202691, 203915, 1629023, 1629655]"
2,159,903.0,1610612745,HOU,missing_sub_in,1641715,Cam Whitmore,,MISS Whitmore 19' Pullup Jump Shot,false,false,"[203500, 1630224, 1630256, 1631106]"
2,162,918.0,1610612745,HOU,missing_sub_in,1630578,Alperen Sengun,,Sengun P.FOUL (P1.T1) (P.Ransom),false,false,"[203500, 1630224, 1630256, 1631106]"
2,162,918.0,1610612745,HOU,possible_missing_sub_out,203500,Steven Adams,123.0,Sengun P.FOUL (P1.T1) (P.Ransom),false,false,"[203500, 1630224, 1630256, 1631106]"
2,164,923.0,1610612745,HOU,missing_sub_in,1641715,Cam Whitmore,,Whitmore REBOUND (Off:0 Def:2),false,false,"[203500, 1630224, 1630256, 1631106]"
2,165,932.0,1610612745,HOU,missing_sub_in,1641708,Amen Thompson,,Thompson 21' Jump Shot (7 PTS) (Whitmore 1 AST),false,false,"[203500, 1630224, 1630256, 1631106]"
2,169,944.0,1610612742,DAL,sub_direction_inverted,1631108,Max Christie,,SUB: Dinwiddie FOR Christie,false,true,"[202691, 1629023, 1629655, 1631108]"
2,170,944.0,1610612742,DAL,possible_missing_sub_out,1631108,Max Christie,214.0,Irving Free Throw 2 of 2 (2 PTS),false,false,"[202691, 1629023, 1629655, 1631108]"
2,166,944.0,1610612745,HOU,missing_sub_in,1642263,Reed Sheppard,,Sheppard S.FOUL (P1.T2) (J.Schroeder),false,false,"[203500, 1630224, 1630256, 1631106]"
2,171,962.0,1610612745,HOU,possible_missing_sub_out,1630256,Jae'Sean Tate,123.0,Washington S.FOUL (P1.PN) (J.Schroeder),false,false,"[203500, 1630224, 1630256, 1631106]"
2,174,962.0,1610612745,HOU,sub_direction_inverted,1641715,Cam Whitmore,,SUB: Brooks FOR Whitmore,false,true,"[203500, 1630224, 1630256, 1631106, 1641715]"
2,175,962.0,1610612745,HOU,sub_direction_inverted,1631106,Tari Eason,,SUB: Ja. Green FOR Eason,false,true,"[203500, 1630256, 1631106, 1641715]"
2,177,978.0,1610612742,DAL,missing_sub_in,203076,Anthony Davis,,MISS Davis 9' Turnaround Jump Shot,false,false,"[202691, 1629023, 1629655, 1631108]"
2,178,980.0,1610612745,HOU,missing_sub_in,1642263,Reed Sheppard,,Sheppard REBOUND (Off:2 Def:1),false,false,"[203500, 1630256, 1631106, 1641715]"
2,179,985.0,1610612745,HOU,missing_sub_in,1642263,Reed Sheppard,,Sheppard 14' Running Pull-Up Jump Shot (3 PTS),false,false,"[203500, 1630256, 1631106, 1641715]"
2,180,1006.0,1610612745,HOU,possible_missing_sub_out,1631106,Tari Eason,129.0,Thompson 2' Driving Layup (11 PTS),false,false,"[203500, 1630256, 1631106, 1641715]"
2,181,1018.0,1610612742,DAL,possible_missing_sub_out,1629655,Daniel Gafford,128.0,MISS Ja. Green 3' Driving Layup,false,false,"[202691, 1629023, 1629655, 1631108]"
2,181,1018.0,1610612745,HOU,missing_sub_in,1630224,Jalen Green,,MISS Ja. Green 3' Driving Layup,false,false,"[203500, 1630256, 1631106, 1641715]"
2,183,1025.0,1610612742,DAL,missing_sub_in,203915,Spencer Dinwiddie,,Dinwiddie 3PT Jump Shot (3 PTS) (Thompson 1 AST),false,false,"[202691, 1629023, 1629655, 1631108]"
2,184,1045.0,1610612745,HOU,possible_missing_sub_out,1641715,Cam Whitmore,122.0,Thompson P.FOUL (P2.PN) (B.Forte),false,false,"[203500, 1630256, 1631106, 1641715]"
2,192,1070.0,1610612742,DAL,missing_sub_in,202681,Kyrie Irving,,Irving REBOUND (Off:1 Def:0),false,false,"[202691, 1629023, 1629655, 1631108]"
2,194,1076.0,1610612742,DAL,missing_sub_in,203076,Anthony Davis,,Davis REBOUND (Off:2 Def:7),false,false,"[202691, 1629023, 1629655, 1631108]"
2,195,1077.0,1610612742,DAL,missing_sub_in,203076,Anthony Davis,,Davis 1' Putback Dunk (16 PTS),false,false,"[202691, 1629023, 1629655, 1631108]"
2,196,1103.0,1610612745,HOU,missing_sub_in,1642263,Reed Sheppard,,MISS Sheppard 30' 3PT Jump Shot,false,false,"[203500, 1630256, 1631106, 1641715]"
2,197,1106.0,1610612742,DAL,missing_sub_in,203076,Anthony Davis,,Davis REBOUND (Off:2 Def:8),false,false,"[202691, 1629023, 1629655, 1631108]"
2,198,1122.0,1610612742,DAL,missing_sub_in,203915,Spencer Dinwiddie,,Dinwiddie 3PT Jump Shot (6 PTS) (Davis 4 AST),false,false,"[202691, 1629023, 1629655, 1631108]"
2,199,1142.0,1610612745,HOU,missing_sub_in,1642263,Reed Sheppard,,MISS Sheppard 13' Pullup Jump Shot,false,false,"[203500, 1630256, 1631106, 1641715]"
2,200,1144.0,1610612742,DAL,missing_sub_in,203076,Anthony Davis,,Davis REBOUND (Off:2 Def:9),false,false,"[202691, 1629023, 1629655, 1631108]"
2,201,1151.0,1610612742,DAL,missing_sub_in,203076,Anthony Davis,,Davis Alley Oop Dunk (18 PTS) (Irving 1 AST),false,false,"[202691, 1629023, 1629655, 1631108]"
2,203,1153.0,1610612742,DAL,sub_direction_inverted,1629023,P.J. Washington,,SUB: Marshall FOR Washington,false,true,"[202691, 1629023, 1629655, 1631108]"
2,204,1153.0,1610612742,DAL,sub_direction_inverted,202691,Klay Thompson,,SUB: Exum FOR Thompson,false,true,"[202691, 1629023, 1629655, 1631108]"
2,205,1153.0,1610612745,HOU,sub_direction_inverted,1642263,Reed Sheppard,,SUB: Eason FOR Sheppard,false,true,"[203500, 1630256, 1641715, 1642263]"
2,206,1169.0,1610612742,DAL,possible_missing_sub_out,202691,Klay Thompson,124.0,MISS Brooks 27' 3PT Jump Shot,false,false,"[202691, 1629023, 1629655, 1631108]"
2,206,1169.0,1610612745,HOU,missing_sub_in,1628415,Dillon Brooks,,MISS Brooks 27' 3PT Jump Shot,false,false,"[203500, 1630256, 1641715, 1642263]"
2,207,1171.0,1610612742,DAL,missing_sub_in,203076,Anthony Davis,,Davis REBOUND (Off:2 Def:10),false,false,"[202691, 1629023, 1629655, 1631108]"
2,208,1181.0,1610612745,HOU,missing_sub_in,1628415,Dillon Brooks,,Brooks S.FOUL (P2.T3) (J.Schroeder),false,false,"[203500, 1630256, 1641715, 1642263]"
2,212,1197.0,1610612742,DAL,possible_missing_sub_out,1629023,P.J. Washington,122.0,Eason 21' Pullup Jump Shot (4 PTS) (Sengun 2 AST),false,false,"[202691, 1629023, 1629655, 1631108]"
2,212,1197.0,1610612745,HOU,missing_sub_in,1631106,Tari Eason,,Eason 21' Pullup Jump Shot (4 PTS) (Sengun 2 AST),false,false,"[203500, 1630256, 1641715, 1642263]"
2,213,1219.0,1610612742,DAL,missing_sub_in,203076,Anthony Davis,,MISS Davis 1' Alley Oop Layup,false,false,"[202691, 1629023, 1629655, 1631108]"
2,214,1221.0,1610612745,HOU,missing_sub_in,1630578,Alperen Sengun,,Sengun REBOUND (Off:1 Def:3),false,false,"[203500, 1630256, 1641715, 1642263]"
2,215,1225.0,1610612745,HOU,missing_sub_in,1630224,Jalen Green,,Ja. Green 2' Running Layup (10 PTS),false,false,"[203500, 1630256, 1641715, 1642263]"
2,216,1238.0,1610612742,DAL,missing_sub_in,203957,Dante Exum,,MISS Exum 3PT Jump Shot,false,false,"[202691, 1629023, 1629655, 1631108]"
2,217,1241.0,1610612745,HOU,missing_sub_in,1630224,Jalen Green,,Ja. Green REBOUND (Off:0 Def:1),false,false,"[203500, 1630256, 1641715, 1642263]"
2,218,1251.0,1610612745,HOU,missing_sub_in,1630224,Jalen Green,,Ja. Green 26' 3PT Pullup Jump Shot (13 PTS),false,false,"[203500, 1630256, 1641715, 1642263]"
2,219,1265.0,1610612742,DAL,missing_sub_in,202681,Kyrie Irving,,MISS Irving 5' Driving Layup,false,false,"[202691, 1629023, 1629655, 1631108]"
2,219,1265.0,1610612745,HOU,possible_missing_sub_out,1642263,Reed Sheppard,123.0,MISS Irving 5' Driving Layup,false,false,"[203500, 1630256, 1641715, 1642263]"
2,220,1266.0,1610612742,DAL,missing_sub_in,203076,Anthony Davis,,Davis REBOUND (Off:3 Def:10),false,false,"[202691, 1629023, 1629655, 1631108]"
2,224,1266.0,1610612742,DAL,sub_direction_inverted,203915,Spencer Dinwiddie,,SUB: Washington FOR Dinwiddie,false,true,"[202691, 203915, 1629655, 1631108]"
2,225,1266.0,1610612742,DAL,possible_missing_sub_out,203915,Spencer Dinwiddie,144.0,Davis Free Throw 2 of 2 (21 PTS),false,false,"[202691, 203915, 1629655, 1631108]"
2,221,1266.0,1610612745,HOU,missing_sub_in,1630578,Alperen Sengun,,Sengun S.FOUL (P2.T4) (P.Ransom),false,false,"[203500, 1630256, 1641715, 1642263]"
2,226,1290.0,1610612745,HOU,missing_sub_in,1630224,Jalen Green,,MISS Ja. Green 22' Pullup Jump Shot,false,false,"[203500, 1630256, 1641715, 1642263]"
2,227,1293.0,1610612742,DAL,missing_sub_in,1629023,P.J. Washington,,Washington REBOUND (Off:1 Def:1),false,false,"[202691, 203915, 1629655, 1631108]"
2,228,1294.0,1610612745,HOU,missing_sub_in,1641708,Amen Thompson,,Thompson P.FOUL (P2.PN) (P.Ransom),false,false,"[203500, 1630256, 1641715, 1642263]"
2,231,1306.0,1610612745,HOU,missing_sub_in,1630224,Jalen Green,,Ja. Green 25' 3PT Jump Shot (16 PTS) (Thompson 1 AST),false,false,"[203500, 1630256, 1641715, 1642263]"
2,232,1320.0,1610612742,DAL,missing_sub_in,203076,Anthony Davis,,Davis 25' 3PT Jump Shot (24 PTS) (Irving 2 AST),false,false,"[202691, 203915, 1629655, 1631108]"
2,233,1336.0,1610612745,HOU,missing_sub_in,1630224,Jalen Green,,MISS Ja. Green 25' 3PT Step Back Jump Shot,false,false,"[203500, 1630256, 1641715, 1642263]"
2,234,1341.0,1610612742,DAL,missing_sub_in,1629023,P.J. Washington,,Washington REBOUND (Off:1 Def:2),false,false,"[202691, 203915, 1629655, 1631108]"
2,235,1349.0,1610612742,DAL,missing_sub_in,203957,Dante Exum,,Exum 2' Driving Dunk (2 PTS) (Irving 3 AST),false,false,"[202691, 203915, 1629655, 1631108]"
2,236,1369.0,1610612745,HOU,missing_sub_in,1630578,Alperen Sengun,,MISS Sengun 6' Driving Layup,false,false,"[203500, 1630256, 1641715, 1642263]"
2,239,1370.0,1610612742,DAL,sub_direction_inverted,1629023,P.J. Washington,,SUB: Christie FOR Washington,false,true,"[202691, 203915, 1629023, 1629655]"
2,240,1374.0,1610612745,HOU,missing_sub_in,1630578,Alperen Sengun,,Sengun 16' Jump Shot (5 PTS) (Thompson 2 AST),false,false,"[203500, 1630256, 1641715, 1642263]"
2,241,1390.3,1610612742,DAL,missing_sub_in,203076,Anthony Davis,,Davis Out of Bounds Lost Ball Turnover (P1.T3),false,false,"[202691, 203915, 1629023, 1629655]"
2,242,1403.9,1610612745,HOU,missing_sub_in,1641708,Amen Thompson,,Thompson Alley Oop Dunk (9 PTS) (Ja. Green 2 AST),false,false,"[203500, 1630256, 1641715, 1642263]"
2,243,1411.2,1610612742,DAL,missing_sub_in,1631108,Max Christie,,Christie 24' 3PT Jump Shot (8 PTS) (Davis 5 AST),false,false,"[202691, 203915, 1629023, 1629655]"
2,244,1431.7,1610612745,HOU,missing_sub_in,1641708,Amen Thompson,,Thompson 1' Alley Oop Dunk (11 PTS) (Sengun 3 AST),false,false,"[203500, 1630256, 1641715, 1642263]"
2,245,1437.4,1610612742,DAL,missing_sub_in,1631108,Max Christie,,MISS Christie 1' Driving Dunk,false,false,"[202691, 203915, 1629023, 1629655]"
2,248,1439.8,1610612745,HOU,missing_sub_in,1631106,Tari Eason,,MISS Eason 41' 3PT Jump Shot,false,false,"[203500, 1630256, 1641715, 1642263]"
3,251,1440.0,1610612742,DAL,possible_missing_sub_out,202681,Kyrie Irving,175.0,Start of 3rd Period (4:27 PM EST),false,false,"[202681, 202691, 203076, 1629023, 1629655]"
3,251,1440.0,1610612745,HOU,possible_missing_sub_out,1628415,Dillon Brooks,259.0,Start of 3rd Period (4:27 PM EST),false,false,"[1628415, 1630224, 1630578, 1631106, 1641708]"
3,253,1472.0,1610612742,DAL,possible_missing_sub_out,1629023,P.J. Washington,131.0,MISS Thompson 21' Pullup Jump Shot,false,false,"[202681, 202691, 203076, 1629023, 1629655]"
3,253,1472.0,1610612745,HOU,possible_missing_sub_out,1630224,Jalen Green,136.0,MISS Thompson 21' Pullup Jump Shot,false,false,"[1628415, 1630224, 1630578, 1631106, 1641708]"
3,256,1479.0,1610612745,HOU,missing_sub_in,203500,Steven Adams,,Adams REBOUND (Off:3 Def:2),false,false,"[1628415, 1630224, 1630578, 1631106, 1641708]"
3,259,1520.0,1610612742,DAL,possible_missing_sub_out,203076,Anthony Davis,129.7,Thompson 3PT Jump Shot (14 PTS) (Brooks 1 AST),false,false,"[202681, 202691, 203076, 1629023, 1629655]"
3,260,1538.0,1610612742,DAL,missing_sub_in,1631108,Max Christie,,Christie 16' Step Back Jump Shot (10 PTS) (Davis 6 AST),false,false,"[202681, 202691, 203076, 1629023, 1629655]"
3,265,1577.0,1610612745,HOU,possible_missing_sub_out,1631106,Tari Eason,137.2,Sengun P.FOUL (P3.T1) (J.Schroeder),false,false,"[1628415, 1630224, 1630578, 1631106, 1641708]"
3,269,1599.0,1610612742,DAL,possible_missing_sub_out,1629655,Daniel Gafford,122.0,MISS Ja. Green 24' 3PT Jump Shot,false,false,"[202681, 202691, 203076, 1629023, 1629655]"
3,270,1602.0,1610612745,HOU,missing_sub_in,203500,Steven Adams,,Adams REBOUND (Off:4 Def:2),false,false,"[1628415, 1630224, 1630578, 1631106, 1641708]"
3,272,1608.0,1610612742,DAL,missing_sub_in,1631108,Max Christie,,Christie REBOUND (Off:0 Def:1),false,false,"[202681, 202691, 203076, 1629023, 1629655]"
3,276,1635.0,1610612745,HOU,missing_sub_in,203500,Steven Adams,,Adams REBOUND (Off:5 Def:2),false,false,"[1628415, 1630224, 1630578, 1631106, 1641708]"
3,278,1651.0,1610612742,DAL,missing_sub_in,1631108,Max Christie,,MISS Christie 8' Driving Floating Bank Jump Shot,false,false,"[202681, 202691, 203076, 1629023, 1629655]"
3,282,1670.0,1610612742,DAL,sub_direction_inverted,1629655,Daniel Gafford,,SUB: Marshall FOR Gafford,false,true,"[202681, 202691, 203076, 1629023, 1629655]"
3,287,1701.0,1610612742,DAL,sub_direction_inverted,202691,Klay Thompson,,SUB: Exum FOR Thompson,false,true,"[202681, 202691, 203076, 1629023, 1629655]"
3,289,1721.0,1610612742,DAL,missing_sub_in,1630230,Naji Marshall,,MISS Marshall 7' Driving Floating Jump Shot,false,false,"[202681, 202691, 203076, 1629023, 1629655]"
3,289,1721.0,1610612745,HOU,possible_missing_sub_out,1641708,Amen Thompson,135.0,MISS Marshall 7' Driving Floating Jump Shot,false,false,"[1628415, 1630224, 1630578, 1631106, 1641708]"
3,290,1723.0,1610612745,HOU,missing_sub_in,203500,Steven Adams,,Adams REBOUND (Off:5 Def:3),false,false,"[1628415, 1630224, 1630578, 1631106, 1641708]"
3,292,1761.0,1610612745,HOU,possible_missing_sub_out,1628415,Dillon Brooks,121.0,MISS Irving 3' Driving Finger Roll Layup,false,false,"[1628415, 1630224, 1630578, 1631106, 1641708]"
3,296,1791.0,1610612742,DAL,missing_sub_in,1630230,Naji Marshall,,Marshall 5' Driving Floating Jump Shot (6 PTS),false,false,"[202681, 202691, 203076, 1629023, 1629655]"
3,297,1806.0,1610612745,HOU,missing_sub_in,203500,Steven Adams,,MISS Adams 7' Floating Jump Shot,false,false,"[1628415, 1630224, 1630578, 1631106, 1641708]"
3,298,1811.0,1610612742,DAL,possible_missing_sub_out,203076,Anthony Davis,122.0,Brooks REBOUND (Off:1 Def:2),false,false,"[202681, 202691, 203076, 1629023, 1629655]"
3,300,1818.0,1610612745,HOU,missing_sub_in,203500,Steven Adams,,Adams REBOUND (Off:6 Def:3),false,false,"[1628415, 1630224, 1630578, 1631106, 1641708]"
3,301,1818.0,1610612745,HOU,missing_sub_in,203500,Steven Adams,,MISS Adams 1' Putback Layup,false,false,"[1628415, 1630224, 1630578, 1631106, 1641708]"
3,304,1819.0,1610612742,DAL,sub_direction_inverted,1631108,Max Christie,,SUB: Dinwiddie FOR Christie,false,true,"[202681, 202691, 203076, 1629023, 1629655, 1631108]"
3,305,1829.0,1610612742,DAL,possible_missing_sub_out,202691,Klay Thompson,128.0,Sengun 5' Turnaround Hook Shot (18 PTS),false,false,"[202681, 202691, 203076, 1629023, 1629655, 1631108]"
3,305,1829.0,1610612742,DAL,possible_missing_sub_out,1631108,Max Christie,178.0,Sengun 5' Turnaround Hook Shot (18 PTS),false,false,"[202681, 202691, 203076, 1629023, 1629655, 1631108]"
3,309,1883.0,1610612742,DAL,possible_missing_sub_out,202681,Kyrie Irving,122.0,Thompson REBOUND (Off:1 Def:3),false,false,"[202681, 202691, 203076, 1629023, 1629655, 1631108]"
3,310,1889.0,1610612745,HOU,possible_missing_sub_out,1630224,Jalen Green,123.0,MISS Brooks 25' 3PT Running Jump Shot,false,false,"[1628415, 1630224, 1630578, 1631106, 1641708]"
3,311,1892.0,1610612742,DAL,missing_sub_in,1630230,Naji Marshall,,Marshall REBOUND (Off:0 Def:2),false,false,"[202681, 202691, 203076, 1629023, 1629655, 1631108]"
3,312,1901.0,1610612742,DAL,missing_sub_in,1630230,Naji Marshall,,Marshall 25' 3PT Jump Shot (9 PTS) (Dinwiddie 1 AST),false,false,"[202681, 202691, 203076, 1629023, 1629655, 1631108]"
3,313,1914.0,1610612745,HOU,missing_sub_in,203500,Steven Adams,,MISS Adams 8' Driving Layup,false,false,"[1628415, 1630224, 1630578, 1631106, 1641708]"
3,316,1915.0,1610612745,HOU,sub_direction_inverted,203500,Steven Adams,,SUB: Eason FOR Adams,false,true,"[203500, 1628415, 1630224, 1630578, 1641708]"
3,319,1932.0,1610612742,DAL,missing_sub_in,1630230,Naji Marshall,,Marshall 3PT Jump Shot (12 PTS) (Davis 7 AST),false,false,"[202681, 202691, 203076, 1629023, 1629655, 1631108]"
3,323,1959.0,1610612745,HOU,sub_direction_inverted,1641708,Amen Thompson,,SUB: Whitmore FOR Thompson,false,true,"[203500, 1628415, 1630224, 1630578, 1641708]"
3,325,1975.0,1610612745,HOU,missing_sub_in,1641715,Cam Whitmore,,MISS Whitmore 26' 3PT Step Back Jump Shot,false,false,"[203500, 1628415, 1630224, 1630578, 1641708]"
3,334,1990.0,1610612742,DAL,sub_direction_inverted,202681,Kyrie Irving,,SUB: Christie FOR Irving,false,true,"[202681, 202691, 203076, 1629023, 1629655]"
3,336,2012.0,1610612745,HOU,missing_sub_in,1641715,Cam Whitmore,,Whitmore S.FOUL (P2.T3) (P.Ransom),false,false,"[203500, 1628415, 1630224, 1630578, 1641708]"
3,336,2012.0,1610612745,HOU,possible_missing_sub_out,1628415,Dillon Brooks,123.0,Whitmore S.FOUL (P2.T3) (P.Ransom),false,false,"[203500, 1628415, 1630224, 1630578, 1641708]"
3,341,2051.0,1610612742,DAL,missing_sub_in,203915,Spencer Dinwiddie,,Dinwiddie 26' 3PT Pullup Jump Shot (10 PTS),false,false,"[202681, 202691, 203076, 1629023, 1629655]"
3,341,2051.0,1610612745,HOU,possible_missing_sub_out,203500,Steven Adams,137.0,Dinwiddie 26' 3PT Pullup Jump Shot (10 PTS),false,false,"[203500, 1628415, 1630224, 1630578, 1641708]"
3,342,2063.0,1610612742,DAL,missing_sub_in,1631108,Max Christie,,Christie P.FOUL (P2.T3) (J.Schroeder),false,false,"[202681, 202691, 203076, 1629023, 1629655]"
3,343,2063.0,1610612742,DAL,sub_direction_inverted,203957,Dante Exum,,SUB: Gafford FOR Exum,false,true,"[202681, 202691, 203076, 203957, 1629023]"
3,344,2063.0,1610612742,DAL,sub_direction_inverted,203076,Anthony Davis,,SUB: Irving FOR Davis,false,true,"[202691, 203076, 203957, 1629023]"
3,345,2070.0,1610612742,DAL,possible_missing_sub_out,203957,Dante Exum,721.0,MISS Eason 25' 3PT Jump Shot,false,false,"[202691, 203076, 203957, 1629023]"
3,345,2070.0,1610612745,HOU,missing_sub_in,1631106,Tari Eason,,MISS Eason 25' 3PT Jump Shot,false,false,"[203500, 1628415, 1630224, 1630578, 1641708]"
3,346,2072.0,1610612745,HOU,missing_sub_in,1631106,Tari Eason,,Eason REBOUND (Off:3 Def:1),false,false,"[203500, 1628415, 1630224, 1630578, 1641708]"
3,347,2074.0,1610612745,HOU,missing_sub_in,1631106,Tari Eason,,Eason 14' Jump Shot (6 PTS),false,false,"[203500, 1628415, 1630224, 1630578, 1641708]"
3,348,2095.0,1610612742,DAL,missing_sub_in,1631108,Max Christie,,Christie 27' 3PT Jump Shot (13 PTS) (Irving 5 AST),false,false,"[202691, 203076, 203957, 1629023]"
3,348,2095.0,1610612745,HOU,possible_missing_sub_out,1641708,Amen Thompson,136.0,Christie 27' 3PT Jump Shot (13 PTS) (Irving 5 AST),false,false,"[203500, 1628415, 1630224, 1630578, 1641708]"
3,349,2121.8,1610612742,DAL,possible_missing_sub_out,203076,Anthony Davis,131.8,MISS Whitmore 26' 3PT Step Back Jump Shot,false,false,"[202691, 203076, 203957, 1629023]"
3,349,2121.8,1610612745,HOU,missing_sub_in,1641715,Cam Whitmore,,MISS Whitmore 26' 3PT Step Back Jump Shot,false,false,"[203500, 1628415, 1630224, 1630578, 1641708]"
3,350,2123.7,1610612742,DAL,missing_sub_in,1630230,Naji Marshall,,Marshall REBOUND (Off:0 Def:3),false,false,"[202691, 203076, 203957, 1629023]"
3,351,2123.7,1610612745,HOU,missing_sub_in,1631106,Tari Eason,,Eason P.FOUL (P1.T4) (B.Forte),false,false,"[203500, 1628415, 1630224, 1630578, 1641708]"
3,352,2123.7,1610612745,HOU,sub_direction_inverted,1628415,Dillon Brooks,,SUB: Holiday FOR Brooks,false,true,"[203500, 1628415, 1630224, 1630578, 1641708]"
3,353,2134.6,1610612742,DAL,missing_sub_in,202681,Kyrie Irving,,MISS Irving 26' 3PT Pullup Jump Shot,false,false,"[202691, 203076, 203957, 1629023]"
3,353,2134.6,1610612745,HOU,possible_missing_sub_out,1630224,Jalen Green,129.6,MISS Irving 26' 3PT Pullup Jump Shot,false,false,"[203500, 1628415, 1630224, 1630578, 1641708]"
3,354,2137.1,1610612745,HOU,missing_sub_in,1641715,Cam Whitmore,,Whitmore REBOUND (Off:0 Def:3),false,false,"[203500, 1628415, 1630224, 1630578, 1641708]"
3,355,2155.6,1610612745,HOU,missing_sub_in,1631106,Tari Eason,,Eason 1' Alley Oop Layup (8 PTS) (Ja. Green 6 AST),false,false,"[203500, 1628415, 1630224, 1630578, 1641708]"
3,355,2155.6,1610612745,HOU,possible_missing_sub_out,1630578,Alperen Sengun,131.6,Eason 1' Alley Oop Layup (8 PTS) (Ja. Green 6 AST),false,false,"[203500, 1628415, 1630224, 1630578, 1641708]"
4,358,2181.0,1610612742,DAL,missing_sub_in,202681,Kyrie Irving,,Irving 1' Driving Layup (7 PTS),false,false,"[202691, 203076, 203957, 1629023]"
4,359,2202.0,1610612745,HOU,missing_sub_in,1631106,Tari Eason,,MISS Eason 4' Driving Layup,false,false,"[203500, 1628415, 1630224, 1630578, 1641708]"
4,363,2208.0,1610612742,DAL,missing_sub_in,1629655,Daniel Gafford,,Gafford P.FOUL (P4.T1) (P.Ransom),false,false,"[202691, 203076, 203957, 1629023]"
4,361,2208.0,1610612745,HOU,missing_sub_in,1628988,Aaron Holiday,,MISS Holiday 26' 3PT Jump Shot,false,false,"[203500, 1628415, 1630224, 1630578, 1641708]"
4,364,2213.0,1610612745,HOU,missing_sub_in,1628988,Aaron Holiday,,Holiday 4' Driving Finger Roll Layup (2 PTS) (Thompson 3 AST),false,false,"[203500, 1628415, 1630224, 1630578, 1641708]"
4,365,2226.0,1610612742,DAL,missing_sub_in,202681,Kyrie Irving,,MISS Irving 17' Pullup Jump Shot,false,false,"[202691, 203076, 203957, 1629023]"
4,366,2228.0,1610612745,HOU,missing_sub_in,1628988,Aaron Holiday,,Holiday REBOUND (Off:0 Def:1),false,false,"[203500, 1628415, 1630224, 1630578, 1641708]"
4,367,2232.0,1610612745,HOU,missing_sub_in,1628988,Aaron Holiday,,MISS Holiday 5' Running Jump Shot,false,false,"[203500, 1628415, 1630224, 1630578, 1641708]"
4,369,2254.0,1610612742,DAL,missing_sub_in,202681,Kyrie Irving,,Irving 8' Driving Floating Jump Shot (9 PTS),false,false,"[202691, 203076, 203957, 1629023]"
4,371,2272.0,1610612742,DAL,missing_sub_in,1629655,Daniel Gafford,,Gafford REBOUND (Off:2 Def:3),false,false,"[202691, 203076, 203957, 1629023]"
4,372,2284.0,1610612742,DAL,missing_sub_in,202681,Kyrie Irving,,MISS Irving 6' Driving Floating Jump Shot,false,false,"[202691, 203076, 203957, 1629023]"
4,373,2287.0,1610612742,DAL,missing_sub_in,202681,Kyrie Irving,,Irving REBOUND (Off:2 Def:0),false,false,"[202691, 203076, 203957, 1629023]"
4,374,2301.0,1610612742,DAL,missing_sub_in,203915,Spencer Dinwiddie,,MISS Dinwiddie 7' Driving Finger Roll Layup,false,false,"[202691, 203076, 203957, 1629023]"
4,375,2303.0,1610612742,DAL,missing_sub_in,1629655,Daniel Gafford,,Gafford REBOUND (Off:3 Def:3),false,false,"[202691, 203076, 203957, 1629023]"
4,376,2304.0,1610612742,DAL,missing_sub_in,1629655,Daniel Gafford,,Gafford 1' Putback Dunk (4 PTS),false,false,"[202691, 203076, 203957, 1629023]"
4,378,2327.0,1610612745,HOU,missing_sub_in,1641715,Cam Whitmore,,MISS Whitmore 3' Driving Layup,false,false,"[203500, 1628415, 1630224, 1630578, 1641708]"
4,382,2327.0,1610612745,HOU,sub_direction_inverted,1628988,Aaron Holiday,,SUB: Ja. Green FOR Holiday,false,true,"[203500, 1628415, 1628988, 1630578, 1641708]"
4,384,2342.0,1610612745,HOU,possible_missing_sub_out,203500,Steven Adams,134.0,Thompson 11' Pullup Jump Shot (18 PTS),false,false,"[203500, 1628415, 1628988, 1630578, 1641708]"
4,385,2358.0,1610612742,DAL,missing_sub_in,202681,Kyrie Irving,,Irving 13' Pullup Jump Shot (11 PTS),false,false,"[202691, 203076, 203957, 1629023]"
4,385,2358.0,1610612742,DAL,possible_missing_sub_out,202691,Klay Thompson,124.0,Irving 13' Pullup Jump Shot (11 PTS),false,false,"[202691, 203076, 203957, 1629023]"
4,385,2358.0,1610612745,HOU,possible_missing_sub_out,1628988,Aaron Holiday,126.0,Irving 13' Pullup Jump Shot (11 PTS),false,false,"[203500, 1628415, 1628988, 1630578, 1641708]"
4,386,2370.0,1610612742,DAL,missing_sub_in,202681,Kyrie Irving,,Irving S.FOUL (P1.T2) (J.Schroeder),false,false,"[202691, 203076, 203957, 1629023]"
4,388,2370.0,1610612742,DAL,sub_direction_inverted,203915,Spencer Dinwiddie,,SUB: Exum FOR Dinwiddie,false,true,"[202691, 203076, 203915, 1629023]"
4,390,2380.0,1610612742,DAL,missing_sub_in,202681,Kyrie Irving,,Irving Bad Pass Turnover (P1.T4),false,false,"[202691, 203076, 203915, 1629023]"
4,393,2394.0,1610612745,HOU,sub_direction_inverted,203500,Steven Adams,,SUB: Sengun FOR Adams,false,true,"[203500, 1628415, 1628988, 1641708]"
4,394,2394.0,1610612745,HOU,sub_direction_inverted,1631106,Tari Eason,,SUB: Brooks FOR Eason,false,true,"[203500, 1628988, 1631106, 1641708]"
4,395,2401.0,1610612745,HOU,possible_missing_sub_out,1631106,Tari Eason,199.0,"",false,false,"[203500, 1628988, 1631106, 1641708]"
4,398,2411.0,1610612745,HOU,missing_sub_in,1630578,Alperen Sengun,,Sengun Lost Ball Turnover (P1.T7),false,false,"[203500, 1628988, 1631106, 1641708]"
4,399,2427.0,1610612742,DAL,missing_sub_in,1631108,Max Christie,,MISS Christie 3PT Jump Shot,false,false,"[202691, 203076, 203915, 1629023]"
4,399,2427.0,1610612742,DAL,possible_missing_sub_out,203915,Spencer Dinwiddie,126.0,MISS Christie 3PT Jump Shot,false,false,"[202691, 203076, 203915, 1629023]"
4,400,2429.0,1610612742,DAL,missing_sub_in,1629655,Daniel Gafford,,Gafford REBOUND (Off:4 Def:3),false,false,"[202691, 203076, 203915, 1629023]"
4,401,2430.0,1610612745,HOU,missing_sub_in,1630578,Alperen Sengun,,Sengun S.FOUL (P4.T1) (J.Schroeder),false,false,"[203500, 1628988, 1631106, 1641708]"
4,405,2432.0,1610612745,HOU,missing_sub_in,1630578,Alperen Sengun,,Sengun REBOUND (Off:1 Def:6),false,false,"[203500, 1628988, 1631106, 1641708]"
4,408,2442.0,1610612742,DAL,missing_sub_in,1631108,Max Christie,,Christie L.B.FOUL (P3.T3) (J.Schroeder),false,false,"[202691, 203076, 203915, 1629023]"
4,409,2442.0,1610612742,DAL,sub_direction_inverted,202691,Klay Thompson,,SUB: Marshall FOR Thompson,false,true,"[202691, 203076, 203915, 1629023]"
4,406,2442.0,1610612745,HOU,missing_sub_in,1630224,Jalen Green,,MISS Ja. Green 1' Driving Layup,false,false,"[203500, 1628988, 1631106, 1641708]"
4,410,2450.0,1610612745,HOU,missing_sub_in,1630224,Jalen Green,,Ja. Green 6' Driving Floating Bank Jump Shot (22 PTS),false,false,"[203500, 1628988, 1631106, 1641708]"
4,412,2466.0,1610612742,DAL,sub_direction_inverted,203957,Dante Exum,,SUB: Dinwiddie FOR Exum,false,true,"[202691, 203076, 203957, 1629023]"
4,411,2466.0,1610612745,HOU,missing_sub_in,1630224,Jalen Green,,Ja. Green P.FOUL (P2.T2) (P.Ransom),false,false,"[203500, 1628988, 1631106, 1641708]"
4,413,2477.0,1610612742,DAL,missing_sub_in,1629655,Daniel Gafford,,MISS Gafford 8' Driving Hook Shot,false,false,"[202691, 203076, 203957, 1629023]"
4,414,2479.0,1610612745,HOU,missing_sub_in,1641715,Cam Whitmore,,Whitmore REBOUND (Off:0 Def:4),false,false,"[203500, 1628988, 1631106, 1641708]"
4,415,2491.0,1610612745,HOU,missing_sub_in,1641715,Cam Whitmore,,MISS Whitmore 5' Driving Floating Jump Shot,false,false,"[203500, 1628988, 1631106, 1641708]"
4,420,2515.0,1610612745,HOU,sub_direction_inverted,1641708,Amen Thompson,,SUB: Adams FOR Thompson,false,true,"[1628988, 1631106, 1641708]"
4,421,2515.0,1610612745,HOU,sub_direction_inverted,1641715,Cam Whitmore,,SUB: Eason FOR Whitmore,false,true,"[1628988, 1641708, 1641715]"
4,425,2533.0,1610612742,DAL,possible_missing_sub_out,202691,Klay Thompson,129.0,Sengun 3 Second Violation Turnover (P2.T8),false,false,"[202691, 203076, 203957, 1629023]"
4,425,2533.0,1610612745,HOU,missing_sub_in,1630578,Alperen Sengun,,Sengun 3 Second Violation Turnover (P2.T8),false,false,"[1628988, 1641708, 1641715]"
4,426,2555.0,1610612742,DAL,missing_sub_in,1630230,Naji Marshall,,Marshall 21' Jump Shot (14 PTS) (Christie 2 AST),false,false,"[202691, 203076, 203957, 1629023]"
4,427,2576.0,1610612745,HOU,missing_sub_in,1630578,Alperen Sengun,,Sengun 5' Turnaround Hook Shot (22 PTS),false,false,"[1628988, 1641708, 1641715]"
4,428,2606.0,1610612742,DAL,missing_sub_in,1630230,Naji Marshall,,MISS Marshall 24' 3PT Pullup Jump Shot,false,false,"[202691, 203076, 203957, 1629023]"
4,429,2608.0,1610612745,HOU,missing_sub_in,1631106,Tari Eason,,Eason REBOUND (Off:3 Def:2),false,false,"[1628988, 1641708, 1641715]"
4,430,2618.0,1610612742,DAL,missing_sub_in,203915,Spencer Dinwiddie,,Dinwiddie P.FOUL (P2.T4) (B.Forte),false,false,"[202691, 203076, 203957, 1629023]"
4,430,2618.0,1610612745,HOU,possible_missing_sub_out,1641715,Cam Whitmore,127.0,Dinwiddie P.FOUL (P2.T4) (B.Forte),false,false,"[1628988, 1641708, 1641715]"
4,431,2623.0,1610612742,DAL,missing_sub_in,1630230,Naji Marshall,,Marshall P.FOUL (P1.PN) (P.Ransom),false,false,"[202691, 203076, 203957, 1629023]"
4,434,2639.0,1610612745,HOU,missing_sub_in,1628415,Dillon Brooks,,Brooks S.FOUL (P3.T4) (P.Ransom),false,false,"[1628988, 1641708, 1641715]"
4,434,2639.0,1610612745,HOU,possible_missing_sub_out,1641708,Amen Thompson,124.0,Brooks S.FOUL (P3.T4) (P.Ransom),false,false,"[1628988, 1641708, 1641715]"
4,437,2651.0,1610612745,HOU,missing_sub_in,1630224,Jalen Green,,MISS Ja. Green 2' Driving Layup,false,false,"[1628988, 1641708, 1641715]"
4,438,2654.0,1610612745,HOU,missing_sub_in,203500,Steven Adams,,Adams REBOUND (Off:9 Def:3),false,false,"[1628988, 1641708, 1641715]"
4,439,2657.0,1610612745,HOU,missing_sub_in,203500,Steven Adams,,Adams Tip Dunk Shot (2 PTS),false,false,"[1628988, 1641708, 1641715]"
4,440,2668.0,1610612742,DAL,missing_sub_in,1631108,Max Christie,,MISS Christie 5' Driving Layup,false,false,"[202691, 203076, 203957, 1629023]"
4,441,2671.0,1610612742,DAL,missing_sub_in,1629655,Daniel Gafford,,Gafford REBOUND (Off:5 Def:3),false,false,"[202691, 203076, 203957, 1629023]"
4,442,2673.0,1610612742,DAL,missing_sub_in,1630230,Naji Marshall,,Marshall 1' Driving Layup (16 PTS) (Gafford 1 AST),false,false,"[202691, 203076, 203957, 1629023]"
4,444,2673.0,1610612745,HOU,sub_direction_inverted,1631106,Tari Eason,,SUB: Thompson FOR Eason,false,true,"[1628988, 1631106, 1641715]"
4,445,2690.0,1610612742,DAL,missing_sub_in,1630230,Naji Marshall,,Marshall P.FOUL (P2.PN) (P.Ransom),false,false,"[202691, 203076, 203957, 1629023]"
4,448,2690.0,1610612745,HOU,sub_direction_inverted,203500,Steven Adams,,SUB: Eason FOR Adams,false,true,"[203500, 1628988, 1641715]"
4,450,2692.0,1610612742,DAL,missing_sub_in,1629655,Daniel Gafford,,Gafford REBOUND (Off:5 Def:4),false,false,"[202691, 203076, 203957, 1629023]"
4,451,2706.0,1610612742,DAL,missing_sub_in,203915,Spencer Dinwiddie,,MISS Dinwiddie 6' Driving Floating Bank Jump Shot,false,false,"[202691, 203076, 203957, 1629023]"
4,452,2707.0,1610612745,HOU,missing_sub_in,1631106,Tari Eason,,Eason REBOUND (Off:3 Def:3),false,false,"[203500, 1628988, 1641715]"
4,453,2717.0,1610612745,HOU,missing_sub_in,1630224,Jalen Green,,Ja. Green 14' Step Back Jump Shot (24 PTS),false,false,"[203500, 1628988, 1641715]"
4,454,2740.0,1610612742,DAL,missing_sub_in,202681,Kyrie Irving,,MISS Irving 26' 3PT Jump Shot,false,false,"[202691, 203076, 203957, 1629023]"
4,455,2742.0,1610612745,HOU,missing_sub_in,1641708,Amen Thompson,,Thompson REBOUND (Off:2 Def:5),false,false,"[203500, 1628988, 1641715]"
4,456,2747.0,1610612745,HOU,missing_sub_in,1630224,Jalen Green,,MISS Ja. Green 4' Driving Floating Jump Shot,false,false,"[203500, 1628988, 1641715]"
4,457,2750.0,1610612742,DAL,missing_sub_in,1631108,Max Christie,,Christie REBOUND (Off:0 Def:2),false,false,"[202691, 203076, 203957, 1629023]"
4,458,2752.0,1610612742,DAL,missing_sub_in,1631108,Max Christie,,MISS Christie 4' Driving Floating Jump Shot,false,false,"[202691, 203076, 203957, 1629023]"
4,461,2752.0,1610612742,DAL,sub_direction_inverted,203915,Spencer Dinwiddie,,SUB: Exum FOR Dinwiddie,false,true,"[202691, 203076, 203915, 1629023]"
4,462,2756.0,1610612745,HOU,missing_sub_in,1628415,Dillon Brooks,,Brooks S.FOUL (P4.PN) (P.Ransom),false,false,"[203500, 1628988, 1641715]"
4,464,2756.0,1610612745,HOU,sub_direction_inverted,1631106,Tari Eason,,SUB: Adams FOR Eason,false,true,"[1628988, 1631106, 1641715]"
4,466,2767.0,1610612745,HOU,missing_sub_in,1630224,Jalen Green,,MISS Ja. Green 3PT Jump Shot,false,false,"[1628988, 1631106, 1641715]"
4,467,2770.0,1610612745,HOU,missing_sub_in,1630224,Jalen Green,,Ja. Green REBOUND (Off:1 Def:2),false,false,"[1628988, 1631106, 1641715]"
4,468,2772.0,1610612745,HOU,missing_sub_in,1630224,Jalen Green,,Ja. Green Bad Pass Turnover (P2.T9),false,false,"[1628988, 1631106, 1641715]"
4,469,2782.0,1610612742,DAL,missing_sub_in,1631108,Max Christie,,Christie 26' 3PT Jump Shot (19 PTS) (Irving 6 AST),false,false,"[202691, 203076, 203915, 1629023]"
4,470,2792.0,1610612745,HOU,missing_sub_in,1630578,Alperen Sengun,,MISS Sengun 7' Turnaround Bank Shot,false,false,"[1628988, 1631106, 1641715]"
4,475,2792.0,1610612745,HOU,sub_direction_inverted,203500,Steven Adams,,SUB: Eason FOR Adams,false,true,"[203500, 1628988, 1641715]"
4,476,2801.0,1610612745,HOU,missing_sub_in,1641708,Amen Thompson,,Thompson S.FOUL (P5.PN) (B.Forte),false,false,"[203500, 1628988, 1641715]"
4,476,2801.0,1610612745,HOU,possible_missing_sub_out,203500,Steven Adams,144.0,Thompson S.FOUL (P5.PN) (B.Forte),false,false,"[203500, 1628988, 1641715]"
4,480,2803.0,1610612745,HOU,missing_sub_in,1630578,Alperen Sengun,,Sengun REBOUND (Off:1 Def:7),false,false,"[203500, 1628988, 1641715]"
4,481,2813.0,1610612742,DAL,missing_sub_in,203957,Dante Exum,,Exum S.FOUL (P1.PN) (B.Forte),false,false,"[202691, 203076, 203915, 1629023]"
4,484,2815.0,1610612742,DAL,missing_sub_in,1630230,Naji Marshall,,Marshall REBOUND (Off:0 Def:4),false,false,"[202691, 203076, 203915, 1629023]"
4,486,2821.2,1610612742,DAL,missing_sub_in,1631108,Max Christie,,Christie Out of Bounds - Bad Pass Turnover Turnover (P1.T5),false,false,"[202691, 203076, 203915, 1629023]"
4,487,2825.5,1610612745,HOU,missing_sub_in,1630578,Alperen Sengun,,Sengun 1' Driving Floating Jump Shot (28 PTS) (Thompson 4 AST),false,false,"[203500, 1628988, 1641715]"
4,488,2828.4,1610612742,DAL,possible_missing_sub_out,203915,Spencer Dinwiddie,122.4,Eason P.FOUL (P2.PN) (B.Forte),false,false,"[202691, 203076, 203915, 1629023]"
4,488,2828.4,1610612745,HOU,missing_sub_in,1631106,Tari Eason,,Eason P.FOUL (P2.PN) (B.Forte),false,false,"[203500, 1628988, 1641715]"
4,491,2834.8,1610612745,HOU,missing_sub_in,1630224,Jalen Green,,MISS Ja. Green 2' Driving Dunk,false,false,"[203500, 1628988, 1641715]"
4,492,2837.4,1610612742,DAL,missing_sub_in,203957,Dante Exum,,Exum REBOUND (Off:0 Def:2),false,false,"[202691, 203076, 203915, 1629023]"
4,495,2842.8,1610612742,DAL,sub_direction_inverted,202681,Kyrie Irving,,SUB: Prosper FOR Irving,false,true,"[202681, 202691, 203076, 203915, 1629023]"
4,496,2842.8,1610612742,DAL,sub_direction_inverted,1629655,Daniel Gafford,,SUB: Edwards FOR Gafford,false,true,"[202681, 202691, 203076, 203915, 1629023, 1629655]"
4,497,2842.8,1610612742,DAL,possible_missing_sub_out,1629655,Daniel Gafford,150.8,Exum Free Throw 2 of 2 (4 PTS),false,false,"[202681, 202691, 203076, 203915, 1629023, 1629655]"
4,493,2842.8,1610612745,HOU,missing_sub_in,1631106,Tari Eason,,Eason P.FOUL (P3.PN) (P.Ransom),false,false,"[203500, 1628988, 1641715]"
4,499,2842.8,1610612745,HOU,sub_direction_inverted,1631106,Tari Eason,,SUB: Adams FOR Eason,false,true,"[1628988, 1631106, 1641715]"
4,500,2847.3,1610612745,HOU,missing_sub_in,1630578,Alperen Sengun,,Sengun 1' Cutting Dunk Shot (30 PTS) (Thompson 5 AST),false,false,"[1628988, 1631106, 1641715]"
4,501,2847.6,1610612745,HOU,missing_sub_in,1628415,Dillon Brooks,,Brooks Personal Take Foul (P5.PN) (P.Ransom),false,false,"[1628988, 1631106, 1641715]"
4,504,2854.0,1610612745,HOU,missing_sub_in,1628415,Dillon Brooks,,MISS Brooks 24' 3PT Jump Shot,false,false,"[1628988, 1631106, 1641715]"
4,505,2856.1,1610612742,DAL,missing_sub_in,1641765,Olivier-Maxence Prosper,,Prosper REBOUND (Off:0 Def:1),false,false,"[202681, 202691, 203076, 203915, 1629023, 1629655]"
4,506,2879.0,1610612742,DAL,possible_missing_sub_out,202681,Kyrie Irving,139.0,"MAVERICKS Turnover: Shot Clock (T#6)",false,false,"[202681, 202691, 203076, 203915, 1629023, 1629655]"
